
/*
drop table address;
drop table category;
drop table comments;
drop table contact;
drop table course_plan;
drop table courses;
drop table friends;
drop table groups;
drop table messages;
drop table study_department;
drop table study_plan;
drop table user_category;
drop table user_group;
drop table users;
drop table users_courses;


drop view view_courses;
drop view view_groups;
drop view view_infousers;
drop view view_users;


drop SEQUENCE seq_address;
drop SEQUENCE seq_comments;
drop SEQUENCE seq_contact;
drop SEQUENCE seq_conversations;
drop SEQUENCE seq_courses;
drop SEQUENCE seq_friends;
drop SEQUENCE seq_groups;
drop SEQUENCE seq_messages;
drop SEQUENCE seq_post_code;
drop SEQUENCE seq_street_no;
drop SEQUENCE seq_study_department;
drop SEQUENCE seq_study_plan;
drop SEQUENCE seq_uaddress_ref;
drop SEQUENCE seq_ucategory_ref;
drop SEQUENCE seq_ucontact_ref;
drop SEQUENCE seq_ulogin_ref;
drop SEQUENCE seq_user_category;
drop SEQUENCE seq_users;
drop SEQUENCE seq_users1;

*/


-- Generated by Oracle SQL Developer Data Modeler 19.1.0.081.0911
--   at:        2019-05-21 17:30:22 CEST
--   site:      Oracle Database 12c
--   type:      Oracle Database 12c



CREATE TABLE address (
    address_id      INTEGER NOT NULL,
    street          VARCHAR2(255) NOT NULL,
    street_no       NUMBER NOT NULL,
    city            VARCHAR2(255) NOT NULL,
    post_code       NUMBER NOT NULL,
    users_user_id   INTEGER NOT NULL
);

------ Note Here -------------
alter table
   address
modify
   (street NULL,
   street_no null,
   city null,
   post_code null);

ALTER TABLE address ADD CONSTRAINT address_pk PRIMARY KEY ( address_id );

CREATE TABLE category (
    category_id     INTEGER NOT NULL,
    category_name   VARCHAR2(255) NOT NULL
);

------ Note Here -------------
alter table
   category
modify
   (category_name NULL);

ALTER TABLE category ADD CONSTRAINT category_pk PRIMARY KEY ( category_id );

CREATE TABLE comments (
    comment_id            INTEGER NOT NULL,
    users_user_id         INTEGER NOT NULL,
    groups_group_id       INTEGER NOT NULL,
    comments_comment_id   INTEGER DEFAULT NULL,
    comment_content       CLOB NOT NULL,
    date_posted           TIMESTAMP NOT NULL,
    like_like_id          INTEGER NOT NULL
);

------ Note Here -------------
alter table
   comments
modify
   (comment_content NULL);

ALTER TABLE comments ADD CONSTRAINT comments_pk PRIMARY KEY ( comment_id );

CREATE TABLE contact (
    users_user_id   INTEGER NOT NULL,
    email           VARCHAR2(255) NOT NULL,
    mobile_no       VARCHAR2(255) NOT NULL,
    skype           VARCHAR2(255) NOT NULL,
    contact_id      INTEGER NOT NULL
);

------ Note Here -------------
alter table
   contact
modify
   (email NULL,
   mobile_no null,
   skype null);

CREATE UNIQUE INDEX contact__idx ON
    contact (
        users_user_id
    ASC );

ALTER TABLE contact ADD CONSTRAINT contact_pk PRIMARY KEY ( contact_id,
                                                            users_user_id );

CREATE TABLE course_plan (
    courseplan_id              INTEGER NOT NULL,
    courses_course_id          INTEGER NOT NULL,
    study_plan_study_plan_id   INTEGER NOT NULL
);

ALTER TABLE course_plan ADD CONSTRAINT course_plan_pk PRIMARY KEY ( courseplan_id );

CREATE TABLE courses (
    course_id     INTEGER NOT NULL,
    short_name    VARCHAR2(255) NOT NULL,
    course_name   VARCHAR2(255) NOT NULL
);

------ Note Here -------------
alter table
   courses
modify
   (short_name NULL,
   course_name null);

ALTER TABLE courses ADD CONSTRAINT courses_pk PRIMARY KEY ( course_id );

CREATE TABLE friends (
    friends_id       INTEGER NOT NULL,
    users_user_id    INTEGER NOT NULL,
    users_user_id2   INTEGER NOT NULL
);

ALTER TABLE friends ADD CONSTRAINT friends_pk PRIMARY KEY ( friends_id );

create unique index friends_index on
friends (users_user_id, users_user_id2);

CREATE TABLE groups (
    group_id            INTEGER NOT NULL,
    group_name          VARCHAR2(255) NOT NULL,
    group_description   VARCHAR2(255) NOT NULL,
    courses_course_id   INTEGER NOT NULL
);

------ Note Here -------------
alter table
   groups
modify
   (group_name NULL,
   group_description null);
   
   ---------- Note Here ----------------
   alter table groups modify (group_name not null);

ALTER TABLE groups ADD CONSTRAINT groups_pk PRIMARY KEY ( group_id );

CREATE TABLE "LIKEY" (
    like_id     INTEGER NOT NULL,
    like_data   VARCHAR2(255)
);

------ Note Here -------------
alter table
   likey
modify
   (like_data NULL);

ALTER TABLE "LIKEY" ADD CONSTRAINT like_pk PRIMARY KEY ( like_id );

CREATE TABLE messages (
    message_id           INTEGER NOT NULL,
    message_content      CLOB NOT NULL,
    date_posted          TIMESTAMP NOT NULL,
    users_user_id        INTEGER NOT NULL,
    friends_friends_id   INTEGER NOT NULL
);

------ Note Here -------------
alter table
   messages
modify
   (message_content NULL);

ALTER TABLE messages ADD CONSTRAINT messages_pk PRIMARY KEY ( message_id );

CREATE TABLE study_department (
    department_id     INTEGER NOT NULL,
    department_name   VARCHAR2(255) NOT NULL
);

------ Note Here -------------
alter table
   study_department
modify
   (department_name NULL);

ALTER TABLE study_department ADD CONSTRAINT study_department_pk PRIMARY KEY ( department_id );

CREATE TABLE study_plan (
    study_plan_id                    INTEGER NOT NULL,
    study_plan_name                  VARCHAR2(255) NOT NULL,
    study_department_department_id   INTEGER NOT NULL
);

------ Note Here -------------
alter table
   study_plan
modify
   (study_plan_name NULL);

ALTER TABLE study_plan ADD CONSTRAINT study_plan_pk PRIMARY KEY ( study_plan_id );

CREATE TABLE user_category (
    usercategory_id        INTEGER NOT NULL,
    category_category_id   INTEGER NOT NULL,
    users_user_id          INTEGER NOT NULL
);

ALTER TABLE user_category ADD CONSTRAINT user_category_pk PRIMARY KEY ( usercategory_id );

CREATE TABLE user_group (
    usergroup_id      INTEGER NOT NULL,
    users_user_id     INTEGER NOT NULL,
    groups_group_id   INTEGER NOT NULL
);

ALTER TABLE user_group ADD CONSTRAINT user_group_pk PRIMARY KEY ( usergroup_id );

CREATE TABLE users (
    user_id            INTEGER NOT NULL,
    user_name          VARCHAR2(255) NOT NULL,
    user_surname       VARCHAR2(255) NOT NULL,
    gender             VARCHAR2(255) NOT NULL,
    user_description   VARCHAR2(255) NOT NULL,
    dob                DATE NOT NULL,
    username           VARCHAR2(255) NOT NULL,
    password           VARCHAR2(255) NOT NULL
);

------ Note Here -------------
alter table
   users
modify
   (user_surname NULL,
   gender null,
   dob null,
   user_description null);
  
 ------ Note Here -------------  
create unique index user_name_index on
users (user_name);

ALTER TABLE users ADD CONSTRAINT users_pk PRIMARY KEY ( user_id );

CREATE TABLE users_courses (
    courses_course_id   INTEGER NOT NULL,
    users_user_id       INTEGER NOT NULL,
    usermessages_id     INTEGER NOT NULL
);

ALTER TABLE users_courses
    ADD CONSTRAINT users_courses_pk PRIMARY KEY ( usermessages_id,
                                                  courses_course_id,
                                                  users_user_id );

ALTER TABLE address
    ADD CONSTRAINT address_users_fk FOREIGN KEY ( users_user_id )
        REFERENCES users ( user_id )
            ON DELETE CASCADE;

ALTER TABLE comments
    ADD CONSTRAINT comments_comments_fk FOREIGN KEY ( comments_comment_id )
        REFERENCES comments ( comment_id )
            ON DELETE CASCADE;

ALTER TABLE comments
    ADD CONSTRAINT comments_groups_fk FOREIGN KEY ( groups_group_id )
        REFERENCES groups ( group_id )
            ON DELETE CASCADE;

ALTER TABLE comments
    ADD CONSTRAINT comments_like_fk FOREIGN KEY ( like_like_id )
        REFERENCES "LIKEY" ( like_id );

ALTER TABLE comments
    ADD CONSTRAINT comments_users_fk FOREIGN KEY ( users_user_id )
        REFERENCES users ( user_id )
            ON DELETE CASCADE;

ALTER TABLE contact
    ADD CONSTRAINT contact_users_fk FOREIGN KEY ( users_user_id )
        REFERENCES users ( user_id )
            ON DELETE CASCADE;

ALTER TABLE course_plan
    ADD CONSTRAINT course_plan_courses_fk FOREIGN KEY ( courses_course_id )
        REFERENCES courses ( course_id )
            ON DELETE CASCADE;

ALTER TABLE course_plan
    ADD CONSTRAINT course_plan_study_plan_fk FOREIGN KEY ( study_plan_study_plan_id )
        REFERENCES study_plan ( study_plan_id )
            ON DELETE CASCADE;

ALTER TABLE friends
    ADD CONSTRAINT friends_users_fk FOREIGN KEY ( users_user_id2 )
        REFERENCES users ( user_id )
            ON DELETE CASCADE;

ALTER TABLE friends
    ADD CONSTRAINT friends_users_fkv2 FOREIGN KEY ( users_user_id )
        REFERENCES users ( user_id )
            ON DELETE CASCADE;

ALTER TABLE groups
    ADD CONSTRAINT groups_courses_fk FOREIGN KEY ( courses_course_id )
        REFERENCES courses ( course_id )
            ON DELETE CASCADE;

ALTER TABLE messages
    ADD CONSTRAINT messages_friends_fk FOREIGN KEY ( friends_friends_id )
        REFERENCES friends ( friends_id );

ALTER TABLE messages
    ADD CONSTRAINT messages_users_fk FOREIGN KEY ( users_user_id )
        REFERENCES users ( user_id )
            ON DELETE CASCADE;

ALTER TABLE study_plan
    ADD CONSTRAINT study_plan_study_department_fk FOREIGN KEY ( study_department_department_id )
        REFERENCES study_department ( department_id )
            ON DELETE CASCADE;

ALTER TABLE user_category
    ADD CONSTRAINT user_category_category_fk FOREIGN KEY ( category_category_id )
        REFERENCES category ( category_id )
            ON DELETE CASCADE;

ALTER TABLE user_category
    ADD CONSTRAINT user_category_users_fk FOREIGN KEY ( users_user_id )
        REFERENCES users ( user_id )
            ON DELETE CASCADE;

ALTER TABLE user_group
    ADD CONSTRAINT user_group_groups_fk FOREIGN KEY ( groups_group_id )
        REFERENCES groups ( group_id )
            ON DELETE CASCADE;

ALTER TABLE user_group
    ADD CONSTRAINT user_group_users_fk FOREIGN KEY ( users_user_id )
        REFERENCES users ( user_id )
            ON DELETE CASCADE;

ALTER TABLE users_courses
    ADD CONSTRAINT users_courses_courses_fk FOREIGN KEY ( courses_course_id )
        REFERENCES courses ( course_id );

ALTER TABLE users_courses
    ADD CONSTRAINT users_courses_users_fk FOREIGN KEY ( users_user_id )
        REFERENCES users ( user_id );



-- Oracle SQL Developer Data Modeler Summary Report: 
-- 
-- CREATE TABLE                            16
-- CREATE INDEX                             1
-- ALTER TABLE                             36
-- CREATE VIEW                              0
-- ALTER VIEW                               0
-- CREATE PACKAGE                           0
-- CREATE PACKAGE BODY                      0
-- CREATE PROCEDURE                         0
-- CREATE FUNCTION                          0
-- CREATE TRIGGER                           0
-- ALTER TRIGGER                            0
-- CREATE COLLECTION TYPE                   0
-- CREATE STRUCTURED TYPE                   0
-- CREATE STRUCTURED TYPE BODY              0
-- CREATE CLUSTER                           0
-- CREATE CONTEXT                           0
-- CREATE DATABASE                          0
-- CREATE DIMENSION                         0
-- CREATE DIRECTORY                         0
-- CREATE DISK GROUP                        0
-- CREATE ROLE                              0
-- CREATE ROLLBACK SEGMENT                  0
-- CREATE SEQUENCE                          0
-- CREATE MATERIALIZED VIEW                 0
-- CREATE MATERIALIZED VIEW LOG             0
-- CREATE SYNONYM                           0
-- CREATE TABLESPACE                        0
-- CREATE USER                              0
-- 
-- DROP TABLESPACE                          0
-- DROP DATABASE                            0
-- 
-- REDACTION POLICY                         0
-- TSDP POLICY                              0
-- 
-- ORDS DROP SCHEMA                         0
-- ORDS ENABLE SCHEMA                       0
-- ORDS ENABLE OBJECT                       0
-- 
-- ERRORS                                   0
-- WARNINGS                                 0



---------------------------- TABLE CREATION ENDS HERE ------------------------------

---------------------------- SEQUENCES START HERE ---------------------------------------

create sequence seq_address
MINVALUE 1
START WITH 1
INCREMENT BY 1;

create sequence seq_comments
MINVALUE 1
START WITH 1
INCREMENT BY 1;

create sequence seq_contact
MINVALUE 1
START WITH 1
INCREMENT BY 1;

create sequence seq_like
MINVALUE 1
START WITH 1
INCREMENT BY 1;

create sequence seq_courses
MINVALUE 1
START WITH 1
INCREMENT BY 1;

create sequence seq_friends
MINVALUE 1
START WITH 1
INCREMENT BY 1;

create sequence seq_groups
MINVALUE 1
START WITH 1
INCREMENT BY 1;

create sequence seq_messages
MINVALUE 1
START WITH 1
INCREMENT BY 1;

create sequence seq_study_department
MINVALUE 1
START WITH 1
INCREMENT BY 1;

create sequence seq_study_plan
MINVALUE 1
START WITH 1
INCREMENT BY 1;

create sequence seq_user_category
MINVALUE 1
START WITH 1
INCREMENT BY 1;

create sequence seq_users
MINVALUE 1
START WITH 1
INCREMENT BY 1;

create sequence seq_street_no
MINVALUE 2
START WITH 2
INCREMENT BY 3;

create sequence seq_post_code
MINVALUE 53000
START WITH 53000
INCREMENT BY 1;

create sequence seq_users1
MINVALUE 1
START WITH 1
INCREMENT BY 1;

create sequence seq_users11
MINVALUE 1
START WITH 1
INCREMENT BY 1;

create sequence seq_category
MINVALUE 1
START WITH 1
INCREMENT BY 1;

create sequence seq_course_plan
MINVALUE 1
START WITH 1
INCREMENT BY 1;

create sequence seq_user_group
MINVALUE 1
START WITH 1
INCREMENT BY 1;

create sequence seq_user_courses
MINVALUE 1
START WITH 1
INCREMENT BY 1;


------------------------------- SEQUENCES END HERE ---------------------------------------------


------------------------------- INSERTING DATA INTO ADDRESS TABLE ----------------------------------
insert into address values (SEQ_ADDRESS.nextval, 'Masaryk', SEQ_STREET_NO.nextval, 'Brno', SEQ_POST_CODE.nextval, SEQ_USERS11.NEXTVAL);
insert into address values (SEQ_ADDRESS.nextval, 'Studentska', SEQ_STREET_NO.nextval, 'Prague', SEQ_POST_CODE.nextval, SEQ_USERS11.NEXTVAL);
insert into address values (SEQ_ADDRESS.nextval, 'Trida Miru', SEQ_STREET_NO.nextval, 'Pardubice', SEQ_POST_CODE.nextval, SEQ_USERS11.NEXTVAL);
insert into address values (SEQ_ADDRESS.nextval, 'Krajsky Urad', SEQ_STREET_NO.nextval, 'Hradec Kralove', SEQ_POST_CODE.nextval, SEQ_USERS11.NEXTVAL);
insert into address values (SEQ_ADDRESS.nextval, 'John Street', SEQ_STREET_NO.nextval, 'Western Area', SEQ_POST_CODE.nextval, SEQ_USERS11.NEXTVAL);
insert into address values (SEQ_ADDRESS.nextval, 'Wellington', SEQ_STREET_NO.nextval, 'Eastern Point', SEQ_POST_CODE.nextval, SEQ_USERS11.NEXTVAL);
insert into address values (SEQ_ADDRESS.nextval, 'Magnus Street', SEQ_STREET_NO.nextval, 'Freetown', SEQ_POST_CODE.nextval, SEQ_USERS11.NEXTVAL);
insert into address values (SEQ_ADDRESS.nextval, 'Maxwell Street', SEQ_STREET_NO.nextval, 'Makeni', SEQ_POST_CODE.nextval, SEQ_USERS11.NEXTVAL);
insert into address values (SEQ_ADDRESS.nextval, 'Rundown Street', SEQ_STREET_NO.nextval, 'Kono', SEQ_POST_CODE.nextval, SEQ_USERS11.NEXTVAL);
insert into address values (SEQ_ADDRESS.nextval, 'Flexing Street', SEQ_STREET_NO.nextval, 'Bo', SEQ_POST_CODE.nextval, SEQ_USERS11.NEXTVAL);
insert into address values (SEQ_ADDRESS.nextval, 'Coding Street', SEQ_STREET_NO.nextval, 'Kenema', SEQ_POST_CODE.nextval, SEQ_USERS11.NEXTVAL);
insert into address values (SEQ_ADDRESS.nextval, 'Java Area', SEQ_STREET_NO.nextval, 'Koidu', SEQ_POST_CODE.nextval, SEQ_USERS11.NEXTVAL);
insert into address values (SEQ_ADDRESS.nextval, 'Cplusplus Street', SEQ_STREET_NO.nextval, 'Waterloo', SEQ_POST_CODE.nextval, SEQ_USERS11.NEXTVAL);
insert into address values (SEQ_ADDRESS.nextval, 'Php Junction', SEQ_STREET_NO.nextval, 'Port Loko', SEQ_POST_CODE.nextval, SEQ_USERS11.NEXTVAL);
insert into address values (SEQ_ADDRESS.nextval, 'Computer Road', SEQ_STREET_NO.nextval, 'Koinadugu', SEQ_POST_CODE.nextval, SEQ_USERS11.NEXTVAL);
insert into address values (SEQ_ADDRESS.nextval, 'Masaryk Street', SEQ_STREET_NO.nextval, 'Temne City', SEQ_POST_CODE.nextval, SEQ_USERS11.NEXTVAL);
insert into address values (SEQ_ADDRESS.nextval, 'Hradiste Street', SEQ_STREET_NO.nextval, 'Bonthe Island', SEQ_POST_CODE.nextval, SEQ_USERS11.NEXTVAL);
insert into address values (SEQ_ADDRESS.nextval, 'University Road', SEQ_STREET_NO.nextval, 'Pujehun', SEQ_POST_CODE.nextval, SEQ_USERS11.NEXTVAL);
insert into address values (SEQ_ADDRESS.nextval, 'Pardubice Street', SEQ_STREET_NO.nextval, 'Manjoro', SEQ_POST_CODE.nextval, SEQ_USERS11.NEXTVAL);
insert into address values (SEQ_ADDRESS.nextval, 'Borkovcova Street', SEQ_STREET_NO.nextval, 'CheckIt Out', SEQ_POST_CODE.nextval, SEQ_USERS11.NEXTVAL);
insert into address values (SEQ_ADDRESS.nextval, 'Computer Road', SEQ_STREET_NO.nextval, 'Koinadugu', SEQ_POST_CODE.nextval, SEQ_USERS11.NEXTVAL);
insert into address values (SEQ_ADDRESS.nextval, 'Masaryk Street', SEQ_STREET_NO.nextval, 'Temne City', SEQ_POST_CODE.nextval, SEQ_USERS11.NEXTVAL);
insert into address values (SEQ_ADDRESS.nextval, 'Hradiste Street', SEQ_STREET_NO.nextval, 'Bonthe Island', SEQ_POST_CODE.nextval, SEQ_USERS11.NEXTVAL);
insert into address values (SEQ_ADDRESS.nextval, 'University Road', SEQ_STREET_NO.nextval, 'Pujehun', SEQ_POST_CODE.nextval, SEQ_USERS11.NEXTVAL);
insert into address values (SEQ_ADDRESS.nextval, 'Pardubice Street', SEQ_STREET_NO.nextval, 'Manjoro', SEQ_POST_CODE.nextval, SEQ_USERS11.NEXTVAL);
insert into address values (SEQ_ADDRESS.nextval, 'Borkovcova Street', SEQ_STREET_NO.nextval, 'CheckIt Out', SEQ_POST_CODE.nextval, SEQ_USERS11.NEXTVAL);
------------------------------- INSERTING DATA INTO ADDRESS TABLE ENDS HERE ----------------------------------


------------------------------- INSERTING DATA INTO CATEGORY TABLE ----------------------------------
insert into category VALUES(SEQ_CATEGORY.nextval, 'Lecturer');
insert into category VALUES(SEQ_CATEGORY.nextval, 'Student');
insert into category VALUES(SEQ_CATEGORY.nextval, 'Student');
insert into category VALUES(SEQ_CATEGORY.nextval, 'Student');
insert into category VALUES(SEQ_CATEGORY.nextval, 'Lecturer');
insert into category VALUES(SEQ_CATEGORY.nextval, 'Lecturer');
insert into category VALUES(SEQ_CATEGORY.nextval, 'Student');
insert into category VALUES(SEQ_CATEGORY.nextval, 'Lecturer');
insert into category VALUES(SEQ_CATEGORY.nextval, 'Lecturer');
insert into category VALUES(SEQ_CATEGORY.nextval, 'Student');
insert into category VALUES(SEQ_CATEGORY.nextval, 'Student');
insert into category VALUES(SEQ_CATEGORY.nextval, 'Lecturer');
insert into category VALUES(SEQ_CATEGORY.nextval, 'Student');
insert into category VALUES(SEQ_CATEGORY.nextval, 'Lecturer');
insert into category VALUES(SEQ_CATEGORY.nextval, 'Student');
insert into category VALUES(SEQ_CATEGORY.nextval, 'Lecturer');
insert into category VALUES(SEQ_CATEGORY.nextval, 'Student');
insert into category VALUES(SEQ_CATEGORY.nextval, 'Student');
insert into category VALUES(SEQ_CATEGORY.nextval, 'Student');
insert into category VALUES(SEQ_CATEGORY.nextval, 'Student');
insert into category VALUES(SEQ_CATEGORY.nextval, 'Lecturer');
insert into category VALUES(SEQ_CATEGORY.nextval, 'Lecturer');
insert into category VALUES(SEQ_CATEGORY.nextval, 'Lecturer');
insert into category VALUES(SEQ_CATEGORY.nextval, 'Student');
insert into category VALUES(SEQ_CATEGORY.nextval, 'Lecturer');
insert into category VALUES(SEQ_CATEGORY.nextval, 'Lecturer');
insert into category VALUES(SEQ_CATEGORY.nextval, 'Student');
insert into category VALUES(SEQ_CATEGORY.nextval, 'Student');
insert into category VALUES(SEQ_CATEGORY.nextval, 'Student');
------------------------------- INSERTING DATA INTO CATEGORY TABLE ENDS HERE----------------------------------


------------------------------- INSERTING DATA INTO CONTACT TABLE ----------------------------------
insert into contact VALUES(1, 'abc@gmail.com', 1234567890, 'abc@live.com', SEQ_CONTACT.nextval);
insert into contact VALUES(2, 'bcv@gmail.com', 6568768475, 'bcv@live.com', SEQ_CONTACT.nextval);
insert into contact VALUES(3, '4mht@kutakbisadekatdekat.cf', 5936924107, '4mht@live.cf', SEQ_CONTACT.nextval);
insert into contact VALUES(4, 'fotaviiogamap@accebay.site', 6084597609, 'fotaviiogamap@live.com', SEQ_CONTACT.nextval);
insert into contact VALUES(5, '9marjo.drdo@sukasukasuka.me', 6029769280, '9marjo.hangju@live.asia', SEQ_CONTACT.nextval);
insert into contact VALUES(6, 'cay.aya3337@asoes.tk', 9089259497, 'cay@live.net', SEQ_CONTACT.nextval);
insert into contact VALUES(7, '9msdannank@hendrikarifqiariza.ml', 9352675523, '9msdannank@live.gq', SEQ_CONTACT.nextval);
insert into contact VALUES(8, '1deejay_na@mamamintaemail.com', 4439849885, '1deejay.larg@live.site', SEQ_CONTACT.nextval);
insert into contact VALUES(9, 'agdfkjhgijd@suhuempek.gq', 2812344489, 'agdfkjhgi.s@live.ml', SEQ_CONTACT.nextval);
insert into contact VALUES(10, 'abgsdc@gmail.com', 5441552789, 'abgsdc@live.com', SEQ_CONTACT.nextval);
insert into contact VALUES(11, 'bsdfcv@gmail.com', 4329849845, 'bsdfcv@live.com', SEQ_CONTACT.nextval);
insert into contact VALUES(12, '4mssfht@kutakdsdekat.cf', 7822907977, '4mssfht@live.cf', SEQ_CONTACT.nextval);
insert into contact VALUES(13, 'taviiamap@aebay.site', 4938125880, 'taviiamap@live.com', SEQ_CONTACT.nextval);
insert into contact VALUES(14, 'arjo.drdo@sukasuka.me', 6313835658, 'arjo.hangju@live.asia', SEQ_CONTACT.nextval);
insert into contact VALUES(15, 'aya3337@asoes.tk', 8664191324, 'aya333711y@live.net', SEQ_CONTACT.nextval);
insert into contact VALUES(16, 'nnank@heifqiariza.ml', 2111652773, 'nnank@live.gq', SEQ_CONTACT.nextval);
insert into contact VALUES(17, 'jay_na@memail.com', 8967282165, 'jay_na.larg@live.site', SEQ_CONTACT.nextval);
insert into contact VALUES(18, 'jhgijd@suhuek.gq', 8458733491, 'jhgijd.s@live.ml', SEQ_CONTACT.nextval);
insert into contact VALUES(19, 'annank@hendriiariza.ml', 7281221552, 'annank@live.gq', SEQ_CONTACT.nextval);
insert into contact VALUES(20, 'deejay_na@mamataemail.com', 8743116526, 'deejay_na.larg@live.site', SEQ_CONTACT.nextval);
insert into contact VALUES(21, 'ayuijd@suhmpek.gq', 1927591819, 'ayuijd.s@live.ml', SEQ_CONTACT.nextval);
insert into contact VALUES(22, 'ijd@suhuek.gq', 8458733491, 'jd.s@live.ml', SEQ_CONTACT.nextval);
insert into contact VALUES(23, 'ank@hend.ml', 7281221552, 'nank@live.gq', SEQ_CONTACT.nextval);
insert into contact VALUES(24, 'jay_na@taemail.com', 8743116526, 'jay_na.larg@live.site', SEQ_CONTACT.nextval);
insert into contact VALUES(25, 'ijd@suhmpek.gq', 1927591819, 'ijd.s@live.ml', SEQ_CONTACT.nextval);
------------------------------- INSERTING DATA INTO CONTACT TABLE ENDS HERE----------------------------------


------------------------------- INSERTING DATA INTO USER_CATEGORY TABLE ----------------------------------
insert into user_category(usercategory_id, category_category_id, users_user_id) values(1, 1, 1);
insert into user_category(usercategory_id, category_category_id, users_user_id) values(2, 2, 2);
insert into user_category(usercategory_id, category_category_id, users_user_id) values(3, 3, 3);
insert into user_category(usercategory_id, category_category_id, users_user_id) values(4, 4, 4);
insert into user_category(usercategory_id, category_category_id, users_user_id) values(5, 5, 5);
insert into user_category(usercategory_id, category_category_id, users_user_id) values(6, 6, 6);
insert into user_category(usercategory_id, category_category_id, users_user_id) values(7, 7, 7);
insert into user_category(usercategory_id, category_category_id, users_user_id) values(8, 8, 8);
insert into user_category(usercategory_id, category_category_id, users_user_id) values(9, 1, 9);
insert into user_category(usercategory_id, category_category_id, users_user_id) values(10, 11, 10);
insert into user_category(usercategory_id, category_category_id, users_user_id) values(11, 1, 11);
insert into user_category(usercategory_id, category_category_id, users_user_id) values(12, 2, 12);
insert into user_category(usercategory_id, category_category_id, users_user_id) values(13, 3, 13);
insert into user_category(usercategory_id, category_category_id, users_user_id) values(14, 4, 14);
insert into user_category(usercategory_id, category_category_id, users_user_id) values(15, 1, 15);
insert into user_category(usercategory_id, category_category_id, users_user_id) values(16, 2, 16);
insert into user_category(usercategory_id, category_category_id, users_user_id) values(17, 3, 17);
insert into user_category(usercategory_id, category_category_id, users_user_id) values(18, 4, 18);
insert into user_category(usercategory_id, category_category_id, users_user_id) values(19, 5, 19);
insert into user_category(usercategory_id, category_category_id, users_user_id) values(20, 6, 20);
insert into user_category(usercategory_id, category_category_id, users_user_id) values(21, 7, 21);
insert into user_category(usercategory_id, category_category_id, users_user_id) values(22, 8, 22);
insert into user_category(usercategory_id, category_category_id, users_user_id) values(23, 9, 23);
------------------------------- INSERTING DATA INTO USER_CATEGORY TABLE ENDS HERE----------------------------------


------------------------------- INSERTING DATA INTO GROUPS TABLE ----------------------------------
insert into groups VALUES(SEQ_GROUPS.nextval, 'Group001', 'This is description of Group001.', 1);
insert into groups VALUES(SEQ_GROUPS.nextval, 'Group002', 'This is description of Group002.', 2);
insert into groups VALUES(SEQ_GROUPS.nextval, 'Group003', 'This is description of Group003.', 3);
insert into groups VALUES(SEQ_GROUPS.nextval, 'Group004', 'This is description of Group004.', 4);
insert into groups VALUES(SEQ_GROUPS.nextval, 'Group005', 'This is description of Group005.', 5);
insert into groups VALUES(SEQ_GROUPS.nextval, 'Group006', 'This is description of Group006.', 6);
insert into groups VALUES(SEQ_GROUPS.nextval, 'Group007', 'This is description of Group007.', 7);
insert into groups VALUES(SEQ_GROUPS.nextval, 'Group008', 'This is description of Group008.', 8);
insert into groups VALUES(SEQ_GROUPS.nextval, 'Group009', 'This is description of Group009.', 9);
insert into groups VALUES(SEQ_GROUPS.nextval, 'Group010', 'This is description of Group010.', 10);
insert into groups VALUES(SEQ_GROUPS.nextval, 'Group011', 'This is description of Group011.', 11);
insert into groups VALUES(SEQ_GROUPS.nextval, 'Group012', 'This is description of Group012.', 12);
insert into groups VALUES(SEQ_GROUPS.nextval, 'Group013', 'This is description of Group013.', 13);
insert into groups VALUES(SEQ_GROUPS.nextval, 'Group014', 'This is description of Group014.', 14);
insert into groups VALUES(SEQ_GROUPS.nextval, 'Group015', 'This is description of Group015.', 15);
insert into groups VALUES(SEQ_GROUPS.nextval, 'Group016', 'This is description of Group016.', 16);
insert into groups VALUES(SEQ_GROUPS.nextval, 'Group017', 'This is description of Group017.', 17);
insert into groups VALUES(SEQ_GROUPS.nextval, 'Group018', 'This is description of Group018.', 18);
insert into groups VALUES(SEQ_GROUPS.nextval, 'Group019', 'This is description of Group019.', 19);
insert into groups VALUES(SEQ_GROUPS.nextval, 'Group020', 'This is description of Group020.', 20);
------------------------------- INSERTING DATA INTO GROUPS TABLE ENDS HERE----------------------------------


------------------------------- INSERTING DATA INTO USER_GROUP TABLE ----------------------------------
insert into user_group values(seq_user_group.nextval, 1, 2);
insert into user_group values(seq_user_group.nextval, 1, 3);
insert into user_group values(seq_user_group.nextval, 2, 4);
insert into user_group values(seq_user_group.nextval, 2, 5);
insert into user_group values(seq_user_group.nextval, 3, 6);
insert into user_group values(seq_user_group.nextval, 3, 7);
insert into user_group values(seq_user_group.nextval, 4, 8);
insert into user_group values(seq_user_group.nextval, 4, 9);
insert into user_group values(seq_user_group.nextval, 5, 9);
insert into user_group values(seq_user_group.nextval, 5, 1);
insert into user_group values(seq_user_group.nextval, 6, 2);
insert into user_group values(seq_user_group.nextval, 6, 3);
insert into user_group values(seq_user_group.nextval, 7, 4);
insert into user_group values(seq_user_group.nextval, 7, 5);
insert into user_group values(seq_user_group.nextval, 8, 96);
insert into user_group values(seq_user_group.nextval, 8, 7);
insert into user_group values(seq_user_group.nextval, 9, 1);
insert into user_group values(seq_user_group.nextval, 9, 2);
insert into user_group values(seq_user_group.nextval, 10, 3);
insert into user_group values(seq_user_group.nextval, 10, 4);
insert into user_group values(seq_user_group.nextval, 11, 5);
insert into user_group values(seq_user_group.nextval, 11, 6);
------------------------------- INSERTING DATA INTO USER_GROUP TABLE ENDS HERE----------------------------------


------------------------------- INSERTING DATA INTO STUDY_PLAN TABLE ----------------------------------
insert into study_plan VALUES(SEQ_STUDY_PLAN.nextval, 'Prezencní', 1);
insert into study_plan VALUES(SEQ_STUDY_PLAN.nextval, 'Kombinace', 2);
insert into study_plan VALUES(SEQ_STUDY_PLAN.nextval, 'Prezencní', 3);
insert into study_plan VALUES(SEQ_STUDY_PLAN.nextval, 'Kombinace', 4);
insert into study_plan VALUES(SEQ_STUDY_PLAN.nextval, 'Prezencní', 5);
insert into study_plan VALUES(SEQ_STUDY_PLAN.nextval, 'Prezencní', 5);
insert into study_plan VALUES(SEQ_STUDY_PLAN.nextval, 'Prezencní', 4);
insert into study_plan VALUES(SEQ_STUDY_PLAN.nextval, 'Kombinace', 3);
insert into study_plan VALUES(SEQ_STUDY_PLAN.nextval, 'Kombinace', 2);
insert into study_plan VALUES(SEQ_STUDY_PLAN.nextval, 'Prezencní', 1);
insert into study_plan VALUES(SEQ_STUDY_PLAN.nextval, 'Kombinace', 1);
insert into study_plan VALUES(SEQ_STUDY_PLAN.nextval, 'Kombinace', 2);
insert into study_plan VALUES(SEQ_STUDY_PLAN.nextval, 'Prezencní', 3);
insert into study_plan VALUES(SEQ_STUDY_PLAN.nextval, 'Prezencní', 4);
insert into study_plan VALUES(SEQ_STUDY_PLAN.nextval, 'Prezencní', 5);
insert into study_plan VALUES(SEQ_STUDY_PLAN.nextval, 'Kombinace', 1);
insert into study_plan VALUES(SEQ_STUDY_PLAN.nextval, 'Prezencní', 2);
insert into study_plan VALUES(SEQ_STUDY_PLAN.nextval, 'Prezencní', 3);
insert into study_plan VALUES(SEQ_STUDY_PLAN.nextval, 'Kombinace', 4);
insert into study_plan VALUES(SEQ_STUDY_PLAN.nextval, 'Kombinace', 5);
insert into study_plan VALUES(SEQ_STUDY_PLAN.nextval, 'Kombinace', 5);
insert into study_plan VALUES(SEQ_STUDY_PLAN.nextval, 'Prezencní', 4);
insert into study_plan VALUES(SEQ_STUDY_PLAN.nextval, 'Kombinace', 3);
insert into study_plan VALUES(SEQ_STUDY_PLAN.nextval, 'Prezencní', 2);
insert into study_plan VALUES(SEQ_STUDY_PLAN.nextval, 'Kombinace', 1);
------------------------------- INSERTING DATA INTO STUDY_PLAN TABLE ENDS HERE ----------------------------------


------------------------------- INSERTING DATA INTO COURSE_PLAN TABLE ----------------------------------
insert into course_plan(courseplan_id, courses_course_id, study_plan_study_plan_id) values(seq_course_plan.nextval, 2, 2);
insert into course_plan(courseplan_id, courses_course_id, study_plan_study_plan_id) values(seq_course_plan.nextval, 2, 3);
insert into course_plan(courseplan_id, courses_course_id, study_plan_study_plan_id) values(seq_course_plan.nextval, 3, 1);
insert into course_plan(courseplan_id, courses_course_id, study_plan_study_plan_id) values(seq_course_plan.nextval, 3, 2);
insert into course_plan(courseplan_id, courses_course_id, study_plan_study_plan_id) values(seq_course_plan.nextval, 4, 3);
insert into course_plan(courseplan_id, courses_course_id, study_plan_study_plan_id) values(seq_course_plan.nextval, 4, 4);
insert into course_plan(courseplan_id, courses_course_id, study_plan_study_plan_id) values(seq_course_plan.nextval, 5, 5);
insert into course_plan(courseplan_id, courses_course_id, study_plan_study_plan_id) values(seq_course_plan.nextval, 5, 6);
insert into course_plan(courseplan_id, courses_course_id, study_plan_study_plan_id) values(seq_course_plan.nextval, 6, 7);
insert into course_plan(courseplan_id, courses_course_id, study_plan_study_plan_id) values(seq_course_plan.nextval, 6, 1);
insert into course_plan(courseplan_id, courses_course_id, study_plan_study_plan_id) values(seq_course_plan.nextval, 7, 1);
insert into course_plan(courseplan_id, courses_course_id, study_plan_study_plan_id) values(seq_course_plan.nextval, 7, 2);
insert into course_plan(courseplan_id, courses_course_id, study_plan_study_plan_id) values(seq_course_plan.nextval, 8, 3);
insert into course_plan(courseplan_id, courses_course_id, study_plan_study_plan_id) values(seq_course_plan.nextval, 8, 5);
insert into course_plan(courseplan_id, courses_course_id, study_plan_study_plan_id) values(seq_course_plan.nextval, 9, 6);
insert into course_plan(courseplan_id, courses_course_id, study_plan_study_plan_id) values(seq_course_plan.nextval, 9, 9);
insert into course_plan(courseplan_id, courses_course_id, study_plan_study_plan_id) values(seq_course_plan.nextval, 10, 11);
insert into course_plan(courseplan_id, courses_course_id, study_plan_study_plan_id) values(seq_course_plan.nextval, 11, 1);
insert into course_plan(courseplan_id, courses_course_id, study_plan_study_plan_id) values(seq_course_plan.nextval, 11, 2);
insert into course_plan(courseplan_id, courses_course_id, study_plan_study_plan_id) values(seq_course_plan.nextval, 12, 3);
insert into course_plan(courseplan_id, courses_course_id, study_plan_study_plan_id) values(seq_course_plan.nextval, 13, 1);
------------------------------- INSERTING DATA INTO COURSE_PLAN TABLE ENDS HERE----------------------------------


------------------------------- INSERTING DATA INTO COMMENTS TABLE ----------------------------------
insert into comments values(seq_comments.nextval, 2, 2, seq_comments.nextval, 'content', localtimestamp, 1);
insert into comments values(seq_comments.nextval, 3, 3, seq_comments.nextval, 'content', localtimestamp, 2);
insert into comments values(seq_comments.nextval, 4, 4, seq_comments.nextval, 'content', localtimestamp, 3);
insert into comments values(seq_comments.nextval, 5, 5, seq_comments.nextval, 'content', localtimestamp, 4);
insert into comments values(seq_comments.nextval, 6, 6, seq_comments.nextval, 'content', localtimestamp, 5);
insert into comments values(seq_comments.nextval, 7, 7, seq_comments.nextval, 'content', localtimestamp, 6);
insert into comments values(seq_comments.nextval, 8, 8, seq_comments.nextval, 'content', localtimestamp, 7);
insert into comments values(seq_comments.nextval, 9, 9, seq_comments.nextval, 'content', localtimestamp, 8);
insert into comments values(seq_comments.nextval, 10, 1, seq_comments.nextval, 'content', localtimestamp, 9);
insert into comments values(seq_comments.nextval, 11, 1, seq_comments.nextval, 'comments1', localtimestamp, 10);
insert into comments values(seq_comments.nextval, 12, 2, seq_comments.nextval, 'content2', localtimestamp, 11);
insert into comments values(seq_comments.nextval, 13, 3, seq_comments.nextval, 'content3', localtimestamp, 12);
insert into comments values(seq_comments.nextval, 14, 1, seq_comments.nextval, 'content4', localtimestamp, 13);
insert into comments values(seq_comments.nextval, 15, 2, seq_comments.nextval, 'content and some things here', localtimestamp, 14);
insert into comments values(seq_comments.nextval, 16, 3, seq_comments.nextval, 'content fghdsf', localtimestamp, 15);
insert into comments values(seq_comments.nextval, 17, 84, seq_comments.nextval, 'content so go away', localtimestamp, 16);
insert into comments values(seq_comments.nextval, 18, 5, seq_comments.nextval, 'this a content', localtimestamp, 17);
insert into comments values(seq_comments.nextval, 20, 6, seq_comments.nextval, 'No i meant content', localtimestamp, 18);
insert into comments values(seq_comments.nextval, 1, 4, seq_comments.nextval, 'Damn i meant comment', localtimestamp, 19);
insert into comments values(seq_comments.nextval, 2, 5, seq_comments.nextval, 'Yeah now i got it', localtimestamp, 20);
insert into comments values(seq_comments.nextval, 3, 6, seq_comments.nextval, 'Sorry about that', localtimestamp, 22);
insert into comments values(seq_comments.nextval, 4, 7, seq_comments.nextval, 'But you can understand', localtimestamp, 23);
------------------------------- INSERTING DATA INTO COMMENTS TABLE ENDS HERE ----------------------------------


------------------------------- INSERTING DATA INTO MESSAGES TABLE ----------------------------------
insert into messages values(seq_messages.nextval, 'This is a message', localtimestamp, 1,  1);
insert into messages values(seq_messages.nextval, 'This is a message, I know', localtimestamp, 1, 1);
insert into messages values(seq_messages.nextval, 'This is a message, stop it', localtimestamp, 2, 2);
insert into messages values(seq_messages.nextval, 'This is a message, sha message', localtimestamp, 2, 2);
insert into messages values(seq_messages.nextval, 'This is a message count down', localtimestamp, 3, 3);
insert into messages values(seq_messages.nextval, 'This is a message still going down', localtimestamp, 3, 3);
insert into messages values(seq_messages.nextval, 'This is a message, sure thing', localtimestamp, 1, 4);
insert into messages values(seq_messages.nextval, 'This is a message, hey you', localtimestamp, 1, 5);
insert into messages values(seq_messages.nextval, 'This is a message, Hi there', localtimestamp, 1, 5);
insert into messages values(seq_messages.nextval, 'This is a message, Where are you going', localtimestamp, 2, 6);
insert into messages values(seq_messages.nextval, 'Yeah stop it, This is a message', localtimestamp, 2, 6);
insert into messages values(seq_messages.nextval, 'hahahaha This is a message', localtimestamp, 4, 7);
insert into messages values(seq_messages.nextval, 'yeh man, This is a message', localtimestamp, 5, 7);
insert into messages values(seq_messages.nextval, 'check this out, This is a message', localtimestamp, 6, 11);
insert into messages values(seq_messages.nextval, 'yeah man, This is a message', localtimestamp, 7, 10);
insert into messages values(seq_messages.nextval, 'This is a message', localtimestamp, 8, 3);
insert into messages values(seq_messages.nextval, 'This is a message1', localtimestamp, 9, 3);
insert into messages values(seq_messages.nextval, 'This is a message2', localtimestamp, 6, 1);
insert into messages values(seq_messages.nextval, 'This is a message3', localtimestamp, 7, 5);
insert into messages values(seq_messages.nextval, 'This is a message4', localtimestamp, 8, 6);
insert into messages values(seq_messages.nextval, 'This is a message5', localtimestamp, 9, 7);
insert into messages values(seq_messages.nextval, 'This is a message6', localtimestamp, 1, 4);
------------------------------- INSERTING DATA INTO MESSAGES TABLE ENDS HERE----------------------------------


------------------------------- INSERTING DATA INTO FRIENDS TABLE ----------------------------------
insert into friends (friends_id, users_user_id, users_user_id2) values(seq_friends.nextval, 1, 3);
insert into friends (friends_id, users_user_id, users_user_id2) values(seq_friends.nextval, 1, 4);
insert into friends (friends_id, users_user_id, users_user_id2) values(seq_friends.nextval, 2, 1);
insert into friends (friends_id, users_user_id, users_user_id2) values(seq_friends.nextval, 2, 3);
insert into friends (friends_id, users_user_id, users_user_id2) values(seq_friends.nextval, 3, 2);
insert into friends (friends_id, users_user_id, users_user_id2) values(seq_friends.nextval, 3, 5);
insert into friends (friends_id, users_user_id, users_user_id2) values(seq_friends.nextval, 1, 5);
insert into friends (friends_id, users_user_id, users_user_id2) values(seq_friends.nextval, 2, 5);
insert into friends (friends_id, users_user_id, users_user_id2) values(seq_friends.nextval, 4, 2);
insert into friends (friends_id, users_user_id, users_user_id2) values(seq_friends.nextval, 4, 1);
insert into friends (friends_id, users_user_id, users_user_id2) values(seq_friends.nextval, 4, 5);
insert into friends (friends_id, users_user_id, users_user_id2) values(seq_friends.nextval, 5, 2);
insert into friends (friends_id, users_user_id, users_user_id2) values(seq_friends.nextval, 5, 4);
insert into friends (friends_id, users_user_id, users_user_id2) values(seq_friends.nextval, 1, 6);
insert into friends (friends_id, users_user_id, users_user_id2) values(seq_friends.nextval, 6, 2);
insert into friends (friends_id, users_user_id, users_user_id2) values(seq_friends.nextval, 7, 2);
insert into friends (friends_id, users_user_id, users_user_id2) values(seq_friends.nextval, 7, 1);
insert into friends (friends_id, users_user_id, users_user_id2) values(seq_friends.nextval, 7, 3);
insert into friends (friends_id, users_user_id, users_user_id2) values(seq_friends.nextval, 1, 7);
insert into friends (friends_id, users_user_id, users_user_id2) values(seq_friends.nextval, 2, 6);
insert into friends (friends_id, users_user_id, users_user_id2) values(seq_friends.nextval, 3, 4);
insert into friends (friends_id, users_user_id, users_user_id2) values(seq_friends.nextval, 4, 6);
------------------------------- INSERTING DATA INTO FRIENDS TABLE ENDS HERE----------------------------------

------------------------------- INSERTING DATA INTO LIKEY TABLE ----------------------------------
insert into LIKEY (like_id, like_data) values(seq_like.nextval, 'like');
insert into LIKEY (like_id, like_data) values(seq_like.nextval, 'like');
insert into LIKEY (like_id, like_data) values(seq_like.nextval, 'like');
insert into LIKEY (like_id, like_data) values(seq_like.nextval, 'dislike');
insert into LIKEY (like_id, like_data) values(seq_like.nextval, 'dislike');
insert into LIKEY (like_id, like_data) values(seq_like.nextval, 'dislike');
insert into LIKEY (like_id, like_data) values(seq_like.nextval, 'like');
insert into LIKEY (like_id, like_data) values(seq_like.nextval, 'like');
insert into LIKEY (like_id, like_data) values(seq_like.nextval, 'like');
insert into LIKEY (like_id, like_data) values(seq_like.nextval, 'like');
insert into LIKEY (like_id, like_data) values(seq_like.nextval, 'like');
insert into LIKEY (like_id, like_data) values(seq_like.nextval, 'dislike');
insert into LIKEY (like_id, like_data) values(seq_like.nextval, 'dislike');
insert into LIKEY (like_id, like_data) values(seq_like.nextval, 'dislike');
insert into LIKEY (like_id, like_data) values(seq_like.nextval, 'dislike');
insert into LIKEY (like_id, like_data) values(seq_like.nextval, 'like');
insert into LIKEY (like_id, like_data) values(seq_like.nextval, 'like');
insert into LIKEY (like_id, like_data) values(seq_like.nextval, 'like');
insert into LIKEY (like_id, like_data) values(seq_like.nextval, 'dislike');
insert into LIKEY (like_id, like_data) values(seq_like.nextval, 'dislike');
insert into LIKEY (like_id, like_data) values(seq_like.nextval, 'like');
insert into LIKEY (like_id, like_data) values(seq_like.nextval, 'dislike');
insert into LIKEY (like_id, like_data) values(seq_like.nextval, 'like');
insert into LIKEY (like_id, like_data) values(seq_like.nextval, 'like');
------------------------------- INSERTING DATA INTO LIKEY TABLE ENDS HERE----------------------------------

------------------------------- INSERTING DATA INTO USERS_COURSES TABLE -------------------------------------------
insert into users_courses values(1, 1, seq_user_courses.nextval);
insert into users_courses values(3, 2, seq_user_courses.nextval);
insert into users_courses values(7, 3, seq_user_courses.nextval);
insert into users_courses values(5, 4, seq_user_courses.nextval);
insert into users_courses values(9, 5, seq_user_courses.nextval);
insert into users_courses values(11, 6, seq_user_courses.nextval);
insert into users_courses values(13, 7, seq_user_courses.nextval);
insert into users_courses values(15, 8, seq_user_courses.nextval);
insert into users_courses values(17, 9, seq_user_courses.nextval);
insert into users_courses values(19, 10, seq_user_courses.nextval);
insert into users_courses values(21, 11, seq_user_courses.nextval);
insert into users_courses values(23, 12, seq_user_courses.nextval);
insert into users_courses values(2, 13, seq_user_courses.nextval);
insert into users_courses values(4, 14, seq_user_courses.nextval);
insert into users_courses values(6, 1, seq_user_courses.nextval);
insert into users_courses values(8, 2, seq_user_courses.nextval);
insert into users_courses values(10, 3, seq_user_courses.nextval);
insert into users_courses values(12, 4, seq_user_courses.nextval);
insert into users_courses values(14, 5, seq_user_courses.nextval);
insert into users_courses values(16, 6, seq_user_courses.nextval);
insert into users_courses values(18, 7, seq_user_courses.nextval);
insert into users_courses values(20, 9, seq_user_courses.nextval);
insert into users_courses values(22, 8, seq_user_courses.nextval);
------------------------------- INSERTING DATA INTO USERS_COURSES TABLE ENDS HERE----------------------------------